iso_code,country,risk_score,narrative
TCD,Chad,79.1,"Chad's climate risk is high (score: 79.1/100 as of 2024). Per-capita emissions are relatively low at 0.1 tonnes. Climate vulnerability is elevated (0.640), suggesting urgent need for adaptation investment. Key priorities: investing in climate adaptation."
GNB,Guinea-Bissau,78.5,"Guinea-Bissau's climate risk is high (score: 78.5/100 as of 2024). Per-capita emissions are relatively low at 0.2 tonnes. Renewable energy adoption is low at 0%, presenting a major opportunity for decarbonization. Emissions are increasing (+4.0% year-over-year). Climate vulnerability is elevated (0.613), suggesting urgent need for adaptation investment. Key priorities: accelerating renewable adoption, investing in climate adaptation."
FSM,Micronesia (country),78.1,"Micronesia (country)'s climate risk is high (score: 78.1/100 as of 2024). Per-capita emissions are relatively low at 1.3 tonnes. Renewable energy adoption is low at 0%, presenting a major opportunity for decarbonization. Emissions are increasing (+4.9% year-over-year). Climate vulnerability is elevated (0.621), suggesting urgent need for adaptation investment. Key priorities: accelerating renewable adoption, investing in climate adaptation."
SLB,Solomon Islands,78.1,"Solomon Islands's climate risk is high (score: 78.1/100 as of 2024). Per-capita emissions are relatively low at 0.4 tonnes. Renewable energy adoption is low at 0%, presenting a major opportunity for decarbonization. Emissions are increasing (+4.6% year-over-year). Climate vulnerability is elevated (0.629), suggesting urgent need for adaptation investment. Key priorities: accelerating renewable adoption, investing in climate adaptation."
NER,Niger,77.8,"Niger's climate risk is high (score: 77.8/100 as of 2024). Per-capita emissions are relatively low at 0.1 tonnes. Renewable energy adoption is low at 3%, presenting a major opportunity for decarbonization. Emissions are increasing (+1.2% year-over-year). Climate vulnerability is elevated (0.633), suggesting urgent need for adaptation investment. Key priorities: accelerating renewable adoption, investing in climate adaptation."
SDN,Sudan,76.4,"Sudan's climate risk is high (score: 76.4/100 as of 2024). Per-capita emissions are relatively low at 0.4 tonnes. Renewable energy adoption is low at 0%, presenting a major opportunity for decarbonization. Climate vulnerability is elevated (0.612), suggesting urgent need for adaptation investment. Key priorities: accelerating renewable adoption, investing in climate adaptation."
SOM,Somalia,75.9,"Somalia's climate risk is high (score: 75.9/100 as of 2024). Per-capita emissions are relatively low at 0.1 tonnes. Renewable energy adoption is low at 0%, presenting a major opportunity for decarbonization. Emissions are increasing (+1.8% year-over-year). Climate vulnerability is elevated (0.611), suggesting urgent need for adaptation investment. Key priorities: accelerating renewable adoption, investing in climate adaptation."
TON,Tonga,75.1,"Tonga's climate risk is high (score: 75.1/100 as of 2024). Per-capita emissions are relatively low at 1.5 tonnes. Renewable energy adoption is low at 0%, presenting a major opportunity for decarbonization. Emissions are increasing (+4.8% year-over-year). Climate vulnerability is elevated (0.607), suggesting urgent need for adaptation investment. Key priorities: accelerating renewable adoption, investing in climate adaptation."
SLE,Sierra Leone,74.3,"Sierra Leone's climate risk is high (score: 74.3/100 as of 2024). Per-capita emissions are relatively low at 0.2 tonnes. Renewable energy adoption is low at 0%, presenting a major opportunity for decarbonization. Emissions are increasing (+3.9% year-over-year). Climate vulnerability is elevated (0.597), suggesting urgent need for adaptation investment. Key priorities: accelerating renewable adoption, investing in climate adaptation."
ERI,Eritrea,73.9,"Eritrea's climate risk is high (score: 73.9/100 as of 2024). Per-capita emissions are relatively low at 0.2 tonnes. Renewable energy adoption is low at 9%, presenting a major opportunity for decarbonization. Emissions are increasing (+1.6% year-over-year). Climate vulnerability is elevated (0.592), suggesting urgent need for adaptation investment. Key priorities: accelerating renewable adoption, investing in climate adaptation."
AFG,Afghanistan,73.5,"Afghanistan's climate risk is high (score: 73.5/100 as of 2024). Per-capita emissions are relatively low at 0.3 tonnes. Coal accounts for 36% of CO₂ emissions, indicating heavy fossil fuel dependency. Renewable energy adoption is low at 0%, presenting a major opportunity for decarbonization. Emissions are increasing (+2.9% year-over-year). Climate vulnerability is elevated (0.588), suggesting urgent need for adaptation investment. Key priorities: phasing out coal, accelerating renewable adoption, investing in climate adaptation."
MHL,Marshall Islands,73.4,"Marshall Islands's climate risk is high (score: 73.4/100 as of 2024). Per-capita emissions are relatively low at 4.1 tonnes. Renewable energy adoption is low at 0%, presenting a major opportunity for decarbonization. Emissions are increasing (+4.1% year-over-year). Climate vulnerability is elevated (0.590), suggesting urgent need for adaptation investment. Key priorities: accelerating renewable adoption, investing in climate adaptation."
CAF,Central African Republic,72.7,"Central African Republic's climate risk is high (score: 72.7/100 as of 2024). Per-capita emissions are relatively low at 0.1 tonnes. Renewable energy adoption is low at 0%, presenting a major opportunity for decarbonization. Emissions are increasing (+1.5% year-over-year). Climate vulnerability is elevated (0.579), suggesting urgent need for adaptation investment. Key priorities: accelerating renewable adoption, investing in climate adaptation."
MRT,Mauritania,71.3,"Mauritania's climate risk is high (score: 71.3/100 as of 2024). Per-capita emissions are relatively low at 1.0 tonnes. Renewable energy adoption is low at 0%, presenting a major opportunity for decarbonization. Emissions are increasing (+4.0% year-over-year). Climate vulnerability is elevated (0.578), suggesting urgent need for adaptation investment. Key priorities: accelerating renewable adoption, investing in climate adaptation."
MLI,Mali,71.0,"Mali's climate risk is high (score: 71.0/100 as of 2024). Per-capita emissions are relatively low at 0.3 tonnes. Renewable energy adoption is low at 10%, presenting a major opportunity for decarbonization. Emissions are increasing (+3.5% year-over-year). Climate vulnerability is elevated (0.576), suggesting urgent need for adaptation investment. Key priorities: accelerating renewable adoption, investing in climate adaptation."
TUV,Tuvalu,69.7,"Tuvalu's climate risk is moderate (score: 69.7/100 as of 2024). Per-capita emissions are relatively low at 1.2 tonnes. Renewable energy adoption is low at 0%, presenting a major opportunity for decarbonization. Climate vulnerability is elevated (0.576), suggesting urgent need for adaptation investment. Key priorities: accelerating renewable adoption, investing in climate adaptation."
VUT,Vanuatu,68.8,"Vanuatu's climate risk is moderate (score: 68.8/100 as of 2024). Per-capita emissions are relatively low at 0.6 tonnes. Renewable energy adoption is low at 0%, presenting a major opportunity for decarbonization. Emissions are increasing (+4.8% year-over-year). Climate vulnerability is elevated (0.563), suggesting urgent need for adaptation investment. Key priorities: accelerating renewable adoption, investing in climate adaptation."
BGD,Bangladesh,68.8,"Bangladesh's climate risk is moderate (score: 68.8/100 as of 2024). Per-capita emissions are relatively low at 0.6 tonnes. Renewable energy adoption is low at 1%, presenting a major opportunity for decarbonization. Emissions are increasing (+3.6% year-over-year). Climate vulnerability is elevated (0.568), suggesting urgent need for adaptation investment. Key priorities: accelerating renewable adoption, investing in climate adaptation."
MDG,Madagascar,67.9,"Madagascar's climate risk is moderate (score: 67.9/100 as of 2024). Per-capita emissions are relatively low at 0.1 tonnes. Renewable energy adoption is low at 1%, presenting a major opportunity for decarbonization. Emissions are increasing (+1.8% year-over-year). Climate vulnerability is elevated (0.558), suggesting urgent need for adaptation investment. Key priorities: accelerating renewable adoption, investing in climate adaptation."
KIR,Kiribati,67.2,"Kiribati's climate risk is moderate (score: 67.2/100 as of 2024). Per-capita emissions are relatively low at 0.5 tonnes. Renewable energy adoption is low at 0%, presenting a major opportunity for decarbonization. Emissions are increasing (+4.3% year-over-year). Climate vulnerability is elevated (0.557), suggesting urgent need for adaptation investment. Key priorities: accelerating renewable adoption, investing in climate adaptation."
PNG,Papua New Guinea,67.0,"Papua New Guinea's climate risk is moderate (score: 67.0/100 as of 2024). Per-capita emissions are relatively low at 0.8 tonnes. Renewable energy adoption is low at 0%, presenting a major opportunity for decarbonization. Climate vulnerability is elevated (0.550), suggesting urgent need for adaptation investment. Key priorities: accelerating renewable adoption, investing in climate adaptation."
BEN,Benin,66.9,"Benin's climate risk is moderate (score: 66.9/100 as of 2024). Per-capita emissions are relatively low at 0.4 tonnes. Renewable energy adoption is low at 8%, presenting a major opportunity for decarbonization. Emissions are increasing (+2.3% year-over-year). Climate vulnerability is elevated (0.571), suggesting urgent need for adaptation investment. Key priorities: accelerating renewable adoption, investing in climate adaptation."
MDV,Maldives,66.1,"Maldives's climate risk is moderate (score: 66.1/100 as of 2024). Per-capita emissions are relatively low at 4.4 tonnes. Renewable energy adoption is low at 0%, presenting a major opportunity for decarbonization. Emissions are increasing (+4.6% year-over-year). Climate vulnerability is elevated (0.550), suggesting urgent need for adaptation investment. Key priorities: accelerating renewable adoption, investing in climate adaptation."
RWA,Rwanda,65.5,"Rwanda's climate risk is moderate (score: 65.5/100 as of 2024). Per-capita emissions are relatively low at 0.1 tonnes. Climate vulnerability is elevated (0.567), suggesting urgent need for adaptation investment. Key priorities: accelerating renewable adoption, investing in climate adaptation."
STP,Sao Tome and Principe,65.5,"Sao Tome and Principe's climate risk is moderate (score: 65.5/100 as of 2024). Per-capita emissions are relatively low at 0.6 tonnes. Renewable energy adoption is low at 0%, presenting a major opportunity for decarbonization. Emissions are increasing (+1.4% year-over-year). Climate vulnerability is elevated (0.542), suggesting urgent need for adaptation investment. Key priorities: accelerating renewable adoption, investing in climate adaptation."
COM,Comoros,65.4,"Comoros's climate risk is moderate (score: 65.4/100 as of 2024). Per-capita emissions are relatively low at 0.6 tonnes. Renewable energy adoption is low at 0%, presenting a major opportunity for decarbonization. Emissions are increasing (+1.8% year-over-year). Climate vulnerability is elevated (0.541), suggesting urgent need for adaptation investment. Key priorities: accelerating renewable adoption, investing in climate adaptation."
BDI,Burundi,65.0,"Burundi's climate risk is moderate (score: 65.0/100 as of 2024). Per-capita emissions are relatively low at 0.1 tonnes. Renewable energy adoption is low at 0%, presenting a major opportunity for decarbonization. Emissions are increasing (+1.8% year-over-year). Climate vulnerability is elevated (0.553), suggesting urgent need for adaptation investment. Key priorities: accelerating renewable adoption, investing in climate adaptation."
COD,Democratic Republic of Congo,64.6,"Democratic Republic of Congo's climate risk is moderate (score: 64.6/100 as of 2024). Per-capita emissions are relatively low at 0.1 tonnes. Climate vulnerability is elevated (0.561), suggesting urgent need for adaptation investment. Key priorities: accelerating renewable adoption, investing in climate adaptation."
TLS,East Timor,64.0,"East Timor's climate risk is moderate (score: 64.0/100 as of 2024). Per-capita emissions are relatively low at 0.5 tonnes. Renewable energy adoption is low at 5%, presenting a major opportunity for decarbonization. Emissions are increasing (+4.9% year-over-year). Climate vulnerability is elevated (0.538), suggesting urgent need for adaptation investment. Key priorities: accelerating renewable adoption, investing in climate adaptation."
LBR,Liberia,63.6,"Liberia's climate risk is moderate (score: 63.6/100 as of 2024). Per-capita emissions are relatively low at 0.2 tonnes. Emissions are increasing (+3.0% year-over-year). Climate vulnerability is elevated (0.538), suggesting urgent need for adaptation investment. Key priorities: investing in climate adaptation."
GIN,Guinea,63.4,"Guinea's climate risk is moderate (score: 63.4/100 as of 2024). Per-capita emissions are relatively low at 0.3 tonnes. Renewable energy adoption is low at 0%, presenting a major opportunity for decarbonization. Emissions are increasing (+3.9% year-over-year). Climate vulnerability is elevated (0.529), suggesting urgent need for adaptation investment. Key priorities: accelerating renewable adoption, investing in climate adaptation."
MWI,Malawi,63.4,"Malawi's climate risk is moderate (score: 63.4/100 as of 2024). Per-capita emissions are relatively low at 0.1 tonnes. Renewable energy adoption is low at 13%, presenting a major opportunity for decarbonization. Emissions are increasing (+1.5% year-over-year). Climate vulnerability is elevated (0.549), suggesting urgent need for adaptation investment. Key priorities: accelerating renewable adoption, investing in climate adaptation."
GMB,Gambia,62.3,"Gambia's climate risk is moderate (score: 62.3/100 as of 2024). Per-capita emissions are relatively low at 0.3 tonnes. Renewable energy adoption is low at 0%, presenting a major opportunity for decarbonization. Emissions are increasing (+3.9% year-over-year). Climate vulnerability is elevated (0.524), suggesting urgent need for adaptation investment. Key priorities: accelerating renewable adoption, investing in climate adaptation."
BFA,Burkina Faso,60.9,"Burkina Faso's climate risk is moderate (score: 60.9/100 as of 2024). Per-capita emissions are relatively low at 0.3 tonnes. Emissions are increasing (+3.2% year-over-year). Climate vulnerability is elevated (0.521), suggesting urgent need for adaptation investment. Key priorities: accelerating renewable adoption, investing in climate adaptation."
YEM,Yemen,60.4,"Yemen's climate risk is moderate (score: 60.4/100 as of 2024). Per-capita emissions are relatively low at 0.2 tonnes. Renewable energy adoption is low at 15%, presenting a major opportunity for decarbonization. Climate vulnerability is elevated (0.534), suggesting urgent need for adaptation investment. Key priorities: accelerating renewable adoption, investing in climate adaptation."
ZWE,Zimbabwe,60.4,"Zimbabwe's climate risk is moderate (score: 60.4/100 as of 2024). Per-capita emissions are relatively low at 0.8 tonnes. Coal accounts for 62% of CO₂ emissions, indicating heavy fossil fuel dependency. Renewable energy adoption is low at 3%, presenting a major opportunity for decarbonization. Emissions are increasing (+1.9% year-over-year). Key priorities: phasing out coal, accelerating renewable adoption."
HTI,Haiti,60.3,"Haiti's climate risk is moderate (score: 60.3/100 as of 2024). Per-capita emissions are relatively low at 0.3 tonnes. Renewable energy adoption is low at 4%, presenting a major opportunity for decarbonization. Emissions are increasing (+3.7% year-over-year). Climate vulnerability is elevated (0.509), suggesting urgent need for adaptation investment. Key priorities: accelerating renewable adoption, investing in climate adaptation."
UGA,Uganda,60.2,"Uganda's climate risk is moderate (score: 60.2/100 as of 2024). Per-capita emissions are relatively low at 0.1 tonnes. Renewable energy adoption is low at 10%, presenting a major opportunity for decarbonization. Emissions are increasing (+1.6% year-over-year). Climate vulnerability is elevated (0.536), suggesting urgent need for adaptation investment. Key priorities: accelerating renewable adoption, investing in climate adaptation."
PLW,Palau,60.0,"Palau's climate risk is moderate (score: 60.0/100 as of 2024). Per-capita emissions stand at 12.8 tonnes. Renewable energy adoption is low at 0%, presenting a major opportunity for decarbonization. Emissions are increasing (+4.6% year-over-year). Climate vulnerability is elevated (0.513), suggesting urgent need for adaptation investment. Key priorities: accelerating renewable adoption, implementing carbon pricing, investing in climate adaptation."
SEN,Senegal,59.9,"Senegal's climate risk is moderate (score: 59.9/100 as of 2024). Per-capita emissions are relatively low at 0.8 tonnes. Climate vulnerability is elevated (0.535), suggesting urgent need for adaptation investment. Key priorities: investing in climate adaptation."
COG,Congo,59.9,"Congo's climate risk is moderate (score: 59.9/100 as of 2024). Per-capita emissions are relatively low at 1.4 tonnes. Renewable energy makes up 45% of the energy mix — a strong position for energy transition. Emissions are rapidly increasing (+6.8% year-over-year). Climate vulnerability is elevated (0.522), suggesting urgent need for adaptation investment. Key priorities: investing in climate adaptation."
WSM,Samoa,59.8,"Samoa's climate risk is moderate (score: 59.8/100 as of 2024). Per-capita emissions are relatively low at 1.1 tonnes. Renewable energy adoption is low at 0%, presenting a major opportunity for decarbonization. Emissions are increasing (+4.7% year-over-year). Climate vulnerability is elevated (0.513), suggesting urgent need for adaptation investment. Key priorities: accelerating renewable adoption, investing in climate adaptation."
BTN,Bhutan,59.5,"Bhutan's climate risk is moderate (score: 59.5/100 as of 2024). Per-capita emissions are relatively low at 2.1 tonnes. Coal accounts for 51% of CO₂ emissions, indicating heavy fossil fuel dependency. Emissions are increasing (+1.7% year-over-year). Climate vulnerability is elevated (0.515), suggesting urgent need for adaptation investment. Key priorities: phasing out coal, accelerating renewable adoption, investing in climate adaptation."
PAK,Pakistan,59.1,"Pakistan's climate risk is moderate (score: 59.1/100 as of 2024). Per-capita emissions are relatively low at 0.7 tonnes. Renewable energy adoption is low at 8%, presenting a major opportunity for decarbonization. Emissions are decreasing (-3.8% year-over-year). Climate vulnerability is elevated (0.515), suggesting urgent need for adaptation investment. Key priorities: accelerating renewable adoption, investing in climate adaptation."
ETH,Ethiopia,59.1,"Ethiopia's climate risk is moderate (score: 59.1/100 as of 2024). Per-capita emissions are relatively low at 0.1 tonnes. Emissions are increasing (+1.5% year-over-year). Climate vulnerability is elevated (0.522), suggesting urgent need for adaptation investment. Key priorities: accelerating renewable adoption, investing in climate adaptation."
NRU,Nauru,58.6,"Nauru's climate risk is moderate (score: 58.6/100 as of 2024). Per-capita emissions stand at 5.1 tonnes. Renewable energy adoption is low at 0%, presenting a major opportunity for decarbonization. Emissions are increasing (+3.4% year-over-year). Climate vulnerability is elevated (0.509), suggesting urgent need for adaptation investment. Key priorities: accelerating renewable adoption, investing in climate adaptation."
AGO,Angola,58.1,"Angola's climate risk is moderate (score: 58.1/100 as of 2024). Per-capita emissions are relatively low at 0.6 tonnes. Emissions are increasing (+3.0% year-over-year). Climate vulnerability is elevated (0.506), suggesting urgent need for adaptation investment. Key priorities: investing in climate adaptation."
MMR,Myanmar,57.9,"Myanmar's climate risk is moderate (score: 57.9/100 as of 2024). Per-capita emissions are relatively low at 0.6 tonnes. Renewable energy adoption is low at 10%, presenting a major opportunity for decarbonization. Climate vulnerability is elevated (0.514), suggesting urgent need for adaptation investment. Key priorities: accelerating renewable adoption, investing in climate adaptation."
TZA,Tanzania,57.4,"Tanzania's climate risk is moderate (score: 57.4/100 as of 2024). Per-capita emissions are relatively low at 0.3 tonnes. Renewable energy adoption is low at 15%, presenting a major opportunity for decarbonization. Emissions are decreasing (-1.4% year-over-year). Climate vulnerability is elevated (0.516), suggesting urgent need for adaptation investment. Key priorities: accelerating renewable adoption, investing in climate adaptation."
IND,India,57.2,"India's climate risk is moderate (score: 57.2/100 as of 2024). Per-capita emissions are relatively low at 2.2 tonnes. Coal accounts for 66% of CO₂ emissions, indicating heavy fossil fuel dependency. Renewable energy adoption is low at 6%, presenting a major opportunity for decarbonization. Emissions are increasing (+4.3% year-over-year). Key priorities: phasing out coal, accelerating renewable adoption."
LAO,Laos,56.9,"Laos's climate risk is moderate (score: 56.9/100 as of 2024). Per-capita emissions are relatively low at 3.1 tonnes. Coal accounts for 68% of CO₂ emissions, indicating heavy fossil fuel dependency. Emissions are increasing (+1.0% year-over-year). Key priorities: phasing out coal."
DJI,Djibouti,56.5,"Djibouti's climate risk is moderate (score: 56.5/100 as of 2024). Per-capita emissions are relatively low at 0.5 tonnes. Emissions are increasing (+1.1% year-over-year). Climate vulnerability is elevated (0.502), suggesting urgent need for adaptation investment. Key priorities: investing in climate adaptation."
TGO,Togo,56.5,"Togo's climate risk is moderate (score: 56.5/100 as of 2024). Per-capita emissions are relatively low at 0.3 tonnes. Emissions are increasing (+3.1% year-over-year). Climate vulnerability is elevated (0.503), suggesting urgent need for adaptation investment. Key priorities: investing in climate adaptation."
CIV,Cote d'Ivoire,56.4,"Cote d'Ivoire's climate risk is moderate (score: 56.4/100 as of 2024). Per-capita emissions are relatively low at 0.5 tonnes. Renewable energy adoption is low at 0%, presenting a major opportunity for decarbonization. Emissions are rapidly increasing (+5.5% year-over-year). Key priorities: accelerating renewable adoption."
PRK,North Korea,56.0,"North Korea's climate risk is moderate (score: 56.0/100 as of 2024). Per-capita emissions are relatively low at 2.4 tonnes. Coal accounts for 91% of CO₂ emissions, indicating heavy fossil fuel dependency. Renewable energy adoption is low at 4%, presenting a major opportunity for decarbonization. Key priorities: phasing out coal, accelerating renewable adoption."
ZMB,Zambia,55.9,"Zambia's climate risk is moderate (score: 55.9/100 as of 2024). Per-capita emissions are relatively low at 0.6 tonnes. Coal accounts for 50% of CO₂ emissions, indicating heavy fossil fuel dependency. Renewable energy adoption is low at 7%, presenting a major opportunity for decarbonization. Emissions are increasing (+1.8% year-over-year). Key priorities: phasing out coal, accelerating renewable adoption."
LSO,Lesotho,55.9,"Lesotho's climate risk is moderate (score: 55.9/100 as of 2024). Per-capita emissions are relatively low at 1.1 tonnes. Coal accounts for 64% of CO₂ emissions, indicating heavy fossil fuel dependency. Renewable energy adoption is low at 0%, presenting a major opportunity for decarbonization. Emissions are increasing (+3.1% year-over-year). Key priorities: phasing out coal, accelerating renewable adoption."
NPL,Nepal,55.8,"Nepal's climate risk is moderate (score: 55.8/100 as of 2024). Per-capita emissions are relatively low at 0.6 tonnes. Coal accounts for 43% of CO₂ emissions, indicating heavy fossil fuel dependency. Renewable energy adoption is low at 12%, presenting a major opportunity for decarbonization. Emissions are increasing (+2.3% year-over-year). Key priorities: phasing out coal, accelerating renewable adoption."
KEN,Kenya,55.1,"Kenya's climate risk is moderate (score: 55.1/100 as of 2024). Per-capita emissions are relatively low at 0.4 tonnes. Climate vulnerability is elevated (0.500), suggesting urgent need for adaptation investment. Key priorities: accelerating renewable adoption, investing in climate adaptation."
CMR,Cameroon,54.3,Cameroon's climate risk is moderate (score: 54.3/100 as of 2024). Per-capita emissions are relatively low at 0.3 tonnes.
VNM,Vietnam,53.5,"Vietnam's climate risk is moderate (score: 53.5/100 as of 2024). Per-capita emissions are relatively low at 3.7 tonnes. Coal accounts for 62% of CO₂ emissions, indicating heavy fossil fuel dependency. Renewable energy adoption is low at 12%, presenting a major opportunity for decarbonization. Emissions are rapidly increasing (+6.8% year-over-year). Key priorities: phasing out coal, accelerating renewable adoption."
MOZ,Mozambique,52.9,"Mozambique's climate risk is moderate (score: 52.9/100 as of 2024). Per-capita emissions are relatively low at 0.2 tonnes. Renewable energy adoption is low at 14%, presenting a major opportunity for decarbonization. Emissions are rapidly declining (-5.3% year-over-year). Key priorities: accelerating renewable adoption."
LKA,Sri Lanka,52.7,"Sri Lanka's climate risk is moderate (score: 52.7/100 as of 2024). Per-capita emissions are relatively low at 0.9 tonnes. Renewable energy adoption is low at 2%, presenting a major opportunity for decarbonization. Emissions are rapidly increasing (+8.7% year-over-year). Key priorities: accelerating renewable adoption."
BLZ,Belize,52.5,"Belize's climate risk is moderate (score: 52.5/100 as of 2024). Per-capita emissions are relatively low at 1.9 tonnes. Renewable energy adoption is low at 1%, presenting a major opportunity for decarbonization. Emissions are increasing (+3.9% year-over-year). Key priorities: accelerating renewable adoption."
SYR,Syria,52.4,"Syria's climate risk is moderate (score: 52.4/100 as of 2024). Per-capita emissions are relatively low at 1.3 tonnes. Renewable energy adoption is low at 11%, presenting a major opportunity for decarbonization. Key priorities: accelerating renewable adoption."
ATG,Antigua and Barbuda,52.0,"Antigua and Barbuda's climate risk is moderate (score: 52.0/100 as of 2024). Per-capita emissions stand at 7.1 tonnes. Renewable energy adoption is low at 0%, presenting a major opportunity for decarbonization. Emissions are increasing (+3.7% year-over-year). Key priorities: accelerating renewable adoption."
KHM,Cambodia,51.8,Cambodia's climate risk is moderate (score: 51.8/100 as of 2024). Per-capita emissions are relatively low at 1.2 tonnes. Emissions are increasing (+2.2% year-over-year).
ECU,Ecuador,50.8,"Ecuador's climate risk is moderate (score: 50.8/100 as of 2024). Per-capita emissions are relatively low at 2.5 tonnes. Renewable energy adoption is low at 11%, presenting a major opportunity for decarbonization. Emissions are increasing (+3.1% year-over-year). Key priorities: accelerating renewable adoption."
NGA,Nigeria,50.7,Nigeria's climate risk is moderate (score: 50.7/100 as of 2024). Per-capita emissions are relatively low at 0.6 tonnes. Emissions are increasing (+5.0% year-over-year). Key priorities: accelerating renewable adoption.
PHL,Philippines,49.4,"Philippines's climate risk is moderate (score: 49.4/100 as of 2024). Per-capita emissions are relatively low at 1.5 tonnes. Coal accounts for 53% of CO₂ emissions, indicating heavy fossil fuel dependency. Renewable energy adoption is low at 6%, presenting a major opportunity for decarbonization. Emissions are rapidly increasing (+8.6% year-over-year). Key priorities: phasing out coal, accelerating renewable adoption."
FJI,Fiji,49.2,"Fiji's climate risk is moderate (score: 49.2/100 as of 2024). Per-capita emissions are relatively low at 1.6 tonnes. Renewable energy adoption is low at 0%, presenting a major opportunity for decarbonization. Emissions are increasing (+4.6% year-over-year). Key priorities: accelerating renewable adoption."
GHA,Ghana,49.0,"Ghana's climate risk is moderate (score: 49.0/100 as of 2024). Per-capita emissions are relatively low at 0.6 tonnes. Renewable energy adoption is low at 4%, presenting a major opportunity for decarbonization. Emissions are increasing (+4.4% year-over-year). Key priorities: accelerating renewable adoption."
HND,Honduras,48.9,"Honduras's climate risk is moderate (score: 48.9/100 as of 2024). Per-capita emissions are relatively low at 1.2 tonnes. Renewable energy adoption is low at 6%, presenting a major opportunity for decarbonization. Emissions are increasing (+3.6% year-over-year). Key priorities: accelerating renewable adoption."
NIC,Nicaragua,48.9,"Nicaragua's climate risk is moderate (score: 48.9/100 as of 2024). Per-capita emissions are relatively low at 0.8 tonnes. Renewable energy adoption is low at 3%, presenting a major opportunity for decarbonization. Emissions are increasing (+3.7% year-over-year). Key priorities: accelerating renewable adoption."
SYC,Seychelles,48.1,"Seychelles's climate risk is moderate (score: 48.1/100 as of 2024). Per-capita emissions stand at 5.0 tonnes. Renewable energy adoption is low at 0%, presenting a major opportunity for decarbonization. Emissions are increasing (+1.9% year-over-year). Key priorities: accelerating renewable adoption."
BWA,Botswana,48.0,"Botswana's climate risk is moderate (score: 48.0/100 as of 2024). Per-capita emissions are relatively low at 3.0 tonnes. Coal accounts for 58% of CO₂ emissions, indicating heavy fossil fuel dependency. Renewable energy adoption is low at 0%, presenting a major opportunity for decarbonization. Emissions are increasing (+2.9% year-over-year). Key priorities: phasing out coal, accelerating renewable adoption."
SWZ,Eswatini,47.6,"Eswatini's climate risk is moderate (score: 47.6/100 as of 2024). Per-capita emissions are relatively low at 0.8 tonnes. Renewable energy adoption is low at 0%, presenting a major opportunity for decarbonization. Emissions are increasing (+1.5% year-over-year). Key priorities: accelerating renewable adoption."
BHS,Bahamas,47.2,"Bahamas's climate risk is moderate (score: 47.2/100 as of 2024). Per-capita emissions stand at 7.7 tonnes. Renewable energy adoption is low at 0%, presenting a major opportunity for decarbonization. Emissions are increasing (+3.9% year-over-year). Key priorities: accelerating renewable adoption."
IDN,Indonesia,47.0,"Indonesia's climate risk is moderate (score: 47.0/100 as of 2024). Per-capita emissions are relatively low at 2.9 tonnes. Coal accounts for 54% of CO₂ emissions, indicating heavy fossil fuel dependency. Renewable energy adoption is low at 4%, presenting a major opportunity for decarbonization. Emissions are rapidly increasing (+6.5% year-over-year). Key priorities: phasing out coal, accelerating renewable adoption."
DMA,Dominica,46.8,"Dominica's climate risk is moderate (score: 46.8/100 as of 2024). Per-capita emissions are relatively low at 2.6 tonnes. Renewable energy adoption is low at 0%, presenting a major opportunity for decarbonization. Emissions are increasing (+3.6% year-over-year). Key priorities: accelerating renewable adoption."
BHR,Bahrain,46.5,"Bahrain's climate risk is moderate (score: 46.5/100 as of 2024). Per-capita emissions are very high at 24.3 tonnes, significantly above the global average. Renewable energy adoption is low at 1%, presenting a major opportunity for decarbonization. Key priorities: accelerating renewable adoption, implementing carbon pricing."
BOL,Bolivia,46.4,"Bolivia's climate risk is moderate (score: 46.4/100 as of 2024). Per-capita emissions are relatively low at 2.3 tonnes. Renewable energy adoption is low at 6%, presenting a major opportunity for decarbonization. Emissions are rapidly increasing (+16.6% year-over-year). Key priorities: accelerating renewable adoption."
SRB,Serbia,46.0,"Serbia's climate risk is moderate (score: 46.0/100 as of 2024). Per-capita emissions stand at 6.2 tonnes. Coal accounts for 59% of CO₂ emissions, indicating heavy fossil fuel dependency. Renewable energy adoption is low at 3%, presenting a major opportunity for decarbonization. Emissions are decreasing (-2.1% year-over-year). Key priorities: phasing out coal, accelerating renewable adoption."
VCT,Saint Vincent and the Grenadines,45.5,"Saint Vincent and the Grenadines's climate risk is moderate (score: 45.5/100 as of 2024). Per-capita emissions are relatively low at 2.5 tonnes. Renewable energy adoption is low at 0%, presenting a major opportunity for decarbonization. Emissions are increasing (+4.1% year-over-year). Key priorities: accelerating renewable adoption."
NAM,Namibia,45.3,"Namibia's climate risk is moderate (score: 45.3/100 as of 2024). Per-capita emissions are relatively low at 1.1 tonnes. Renewable energy adoption is low at 13%, presenting a major opportunity for decarbonization. Key priorities: accelerating renewable adoption."
DOM,Dominican Republic,44.7,"Dominican Republic's climate risk is moderate (score: 44.7/100 as of 2024). Per-capita emissions are relatively low at 2.9 tonnes. Renewable energy adoption is low at 7%, presenting a major opportunity for decarbonization. Emissions are increasing (+4.1% year-over-year). Key priorities: accelerating renewable adoption."
GAB,Gabon,44.7,Gabon's climate risk is moderate (score: 44.7/100 as of 2024). Per-capita emissions are relatively low at 2.1 tonnes. Renewable energy makes up 46% of the energy mix — a strong position for energy transition. Emissions are increasing (+1.5% year-over-year).
CUB,Cuba,44.6,"Cuba's climate risk is moderate (score: 44.6/100 as of 2024). Per-capita emissions are relatively low at 2.2 tonnes. Renewable energy adoption is low at 2%, presenting a major opportunity for decarbonization. Emissions are increasing (+4.1% year-over-year). Key priorities: accelerating renewable adoption."
THA,Thailand,44.3,"Thailand's climate risk is moderate (score: 44.3/100 as of 2024). Per-capita emissions are relatively low at 3.7 tonnes. Renewable energy adoption is low at 7%, presenting a major opportunity for decarbonization. Emissions are increasing (+1.1% year-over-year). Key priorities: accelerating renewable adoption."
ZAF,South Africa,44.3,"South Africa's climate risk is moderate (score: 44.3/100 as of 2024). Per-capita emissions stand at 6.9 tonnes. Coal accounts for 84% of CO₂ emissions, indicating heavy fossil fuel dependency. Renewable energy adoption is low at 1%, presenting a major opportunity for decarbonization. Key priorities: phasing out coal, accelerating renewable adoption."
CPV,Cape Verde,43.9,"Cape Verde's climate risk is moderate (score: 43.9/100 as of 2024). Per-capita emissions are relatively low at 1.1 tonnes. Renewable energy adoption is low at 0%, presenting a major opportunity for decarbonization. Emissions are increasing (+4.0% year-over-year). Key priorities: accelerating renewable adoption."
GTM,Guatemala,43.6,"Guatemala's climate risk is moderate (score: 43.6/100 as of 2024). Per-capita emissions are relatively low at 1.1 tonnes. Renewable energy adoption is low at 7%, presenting a major opportunity for decarbonization. Key priorities: accelerating renewable adoption."
GNQ,Equatorial Guinea,43.0,"Equatorial Guinea's climate risk is moderate (score: 43.0/100 as of 2024). Per-capita emissions are relatively low at 3.7 tonnes. Renewable energy adoption is low at 6%, presenting a major opportunity for decarbonization. Emissions are increasing (+1.4% year-over-year). Key priorities: accelerating renewable adoption."
LBY,Libya,42.9,Libya's climate risk is moderate (score: 42.9/100 as of 2024). Per-capita emissions stand at 8.8 tonnes. Emissions are increasing (+1.6% year-over-year). Key priorities: accelerating renewable adoption.
GUY,Guyana,42.5,"Guyana's climate risk is moderate (score: 42.5/100 as of 2024). Per-capita emissions stand at 5.4 tonnes. Renewable energy adoption is low at 4%, presenting a major opportunity for decarbonization. Emissions are increasing (+3.0% year-over-year). Key priorities: accelerating renewable adoption."
IRQ,Iraq,42.4,Iraq's climate risk is moderate (score: 42.4/100 as of 2024). Per-capita emissions stand at 5.1 tonnes. Emissions are increasing (+2.5% year-over-year).
SUR,Suriname,41.8,"Suriname's climate risk is moderate (score: 41.8/100 as of 2024). Per-capita emissions are relatively low at 4.7 tonnes. Renewable energy adoption is low at 1%, presenting a major opportunity for decarbonization. Emissions are increasing (+4.1% year-over-year). Key priorities: accelerating renewable adoption."
MUS,Mauritius,41.6,"Mauritius's climate risk is moderate (score: 41.6/100 as of 2024). Per-capita emissions are relatively low at 3.7 tonnes. Coal accounts for 34% of CO₂ emissions, indicating heavy fossil fuel dependency. Renewable energy adoption is low at 0%, presenting a major opportunity for decarbonization. Emissions are increasing (+1.9% year-over-year). Key priorities: phasing out coal, accelerating renewable adoption."
SLV,El Salvador,41.6,"El Salvador's climate risk is moderate (score: 41.6/100 as of 2024). Per-capita emissions are relatively low at 1.4 tonnes. Renewable energy adoption is low at 4%, presenting a major opportunity for decarbonization. Emissions are increasing (+3.5% year-over-year). Key priorities: accelerating renewable adoption."
JAM,Jamaica,41.0,"Jamaica's climate risk is moderate (score: 41.0/100 as of 2024). Per-capita emissions are relatively low at 3.0 tonnes. Renewable energy adoption is low at 4%, presenting a major opportunity for decarbonization. Emissions are increasing (+4.1% year-over-year). Key priorities: accelerating renewable adoption."
COL,Colombia,40.1,"Colombia's climate risk is moderate (score: 40.1/100 as of 2024). Per-capita emissions are relatively low at 1.8 tonnes. Renewable energy adoption is low at 6%, presenting a major opportunity for decarbonization. Emissions are increasing (+3.0% year-over-year). Key priorities: accelerating renewable adoption."
BRN,Brunei,40.0,"Brunei's climate risk is low (score: 40.0/100 as of 2024). Per-capita emissions are very high at 26.0 tonnes, significantly above the global average. Renewable energy adoption is low at 2%, presenting a major opportunity for decarbonization. Emissions are decreasing (-3.6% year-over-year). Key priorities: accelerating renewable adoption, implementing carbon pricing."
OMN,Oman,39.8,"Oman's climate risk is low (score: 39.8/100 as of 2024). Per-capita emissions are very high at 15.7 tonnes, significantly above the global average. Renewable energy adoption is low at 8%, presenting a major opportunity for decarbonization. Emissions are increasing (+3.6% year-over-year). Key priorities: accelerating renewable adoption, implementing carbon pricing."
ROU,Romania,39.6,"Romania's climate risk is low (score: 39.6/100 as of 2024). Per-capita emissions are relatively low at 3.6 tonnes. Renewable energy adoption is low at 8%, presenting a major opportunity for decarbonization. Emissions are increasing (+1.0% year-over-year). Key priorities: accelerating renewable adoption."
CHN,China,39.4,"China's climate risk is low (score: 39.4/100 as of 2024). Per-capita emissions stand at 8.7 tonnes. Coal accounts for 72% of CO₂ emissions, indicating heavy fossil fuel dependency. Renewable energy adoption is low at 7%, presenting a major opportunity for decarbonization. Key priorities: phasing out coal, accelerating renewable adoption."
PAN,Panama,39.4,"Panama's climate risk is low (score: 39.4/100 as of 2024). Per-capita emissions are relatively low at 2.8 tonnes. Renewable energy adoption is low at 4%, presenting a major opportunity for decarbonization. Emissions are decreasing (-2.6% year-over-year). Key priorities: accelerating renewable adoption."
MNG,Mongolia,39.1,"Mongolia's climate risk is low (score: 39.1/100 as of 2024). Per-capita emissions stand at 12.9 tonnes. Coal accounts for 87% of CO₂ emissions, indicating heavy fossil fuel dependency. Renewable energy adoption is low at 1%, presenting a major opportunity for decarbonization. Emissions are increasing (+1.2% year-over-year). Key priorities: phasing out coal, accelerating renewable adoption, implementing carbon pricing."
EGY,Egypt,39.0,"Egypt's climate risk is low (score: 39.0/100 as of 2024). Per-capita emissions are relatively low at 2.2 tonnes. Renewable energy adoption is low at 12%, presenting a major opportunity for decarbonization. Emissions are increasing (+3.3% year-over-year). Key priorities: accelerating renewable adoption."
PER,Peru,38.6,"Peru's climate risk is low (score: 38.6/100 as of 2024). Per-capita emissions are relatively low at 2.1 tonnes. Renewable energy adoption is low at 9%, presenting a major opportunity for decarbonization. Emissions are rapidly increasing (+6.3% year-over-year). Key priorities: accelerating renewable adoption."
SAU,Saudi Arabia,37.8,"Saudi Arabia's climate risk is low (score: 37.8/100 as of 2024). Per-capita emissions are very high at 20.4 tonnes, significantly above the global average. Renewable energy adoption is low at 5%, presenting a major opportunity for decarbonization. Emissions are increasing (+2.2% year-over-year). Key priorities: accelerating renewable adoption, implementing carbon pricing."
AZE,Azerbaijan,37.6,"Azerbaijan's climate risk is low (score: 37.6/100 as of 2024). Per-capita emissions are relatively low at 3.9 tonnes. Renewable energy adoption is low at 4%, presenting a major opportunity for decarbonization. Emissions are rapidly declining (-6.8% year-over-year). Key priorities: accelerating renewable adoption."
LBN,Lebanon,37.4,"Lebanon's climate risk is low (score: 37.4/100 as of 2024). Per-capita emissions are relatively low at 2.7 tonnes. Renewable energy adoption is low at 6%, presenting a major opportunity for decarbonization. Key priorities: accelerating renewable adoption."
GRD,Grenada,37.1,"Grenada's climate risk is low (score: 37.1/100 as of 2024). Per-capita emissions are relatively low at 3.2 tonnes. Renewable energy adoption is low at 0%, presenting a major opportunity for decarbonization. Emissions are increasing (+3.9% year-over-year). Key priorities: accelerating renewable adoption."
TTO,Trinidad and Tobago,36.6,"Trinidad and Tobago's climate risk is low (score: 36.6/100 as of 2024). Per-capita emissions are very high at 22.9 tonnes, significantly above the global average. Renewable energy adoption is low at 1%, presenting a major opportunity for decarbonization. Emissions are decreasing (-2.7% year-over-year). Key priorities: accelerating renewable adoption, implementing carbon pricing."
LCA,Saint Lucia,36.3,"Saint Lucia's climate risk is low (score: 36.3/100 as of 2024). Per-capita emissions are relatively low at 3.0 tonnes. Renewable energy adoption is low at 0%, presenting a major opportunity for decarbonization. Emissions are increasing (+3.9% year-over-year). Key priorities: accelerating renewable adoption."
TUN,Tunisia,36.1,"Tunisia's climate risk is low (score: 36.1/100 as of 2024). Per-capita emissions are relatively low at 2.7 tonnes. Renewable energy adoption is low at 14%, presenting a major opportunity for decarbonization. Emissions are increasing (+2.9% year-over-year). Key priorities: accelerating renewable adoption."
MNE,Montenegro,35.7,"Montenegro's climate risk is low (score: 35.7/100 as of 2024). Per-capita emissions are relatively low at 3.7 tonnes. Coal accounts for 54% of CO₂ emissions, indicating heavy fossil fuel dependency. Renewable energy adoption is low at 0%, presenting a major opportunity for decarbonization. Emissions are decreasing (-1.3% year-over-year). Key priorities: phasing out coal, accelerating renewable adoption."
MKD,North Macedonia,35.7,"North Macedonia's climate risk is low (score: 35.7/100 as of 2024). Per-capita emissions are relatively low at 3.6 tonnes. Coal accounts for 37% of CO₂ emissions, indicating heavy fossil fuel dependency. Renewable energy adoption is low at 0%, presenting a major opportunity for decarbonization. Emissions are rapidly declining (-9.8% year-over-year). Key priorities: phasing out coal, accelerating renewable adoption."
MEX,Mexico,35.6,"Mexico's climate risk is low (score: 35.6/100 as of 2024). Per-capita emissions are relatively low at 3.5 tonnes. Renewable energy adoption is low at 6%, presenting a major opportunity for decarbonization. Key priorities: accelerating renewable adoption."
MDA,Moldova,35.5,"Moldova's climate risk is low (score: 35.5/100 as of 2024). Per-capita emissions are relatively low at 1.8 tonnes. Renewable energy adoption is low at 11%, presenting a major opportunity for decarbonization. Key priorities: accelerating renewable adoption."
TUR,Turkey,35.5,"Turkey's climate risk is low (score: 35.5/100 as of 2024). Per-capita emissions stand at 5.9 tonnes. Coal accounts for 41% of CO₂ emissions, indicating heavy fossil fuel dependency. Renewable energy adoption is low at 9%, presenting a major opportunity for decarbonization. Emissions are rapidly increasing (+5.4% year-over-year). Key priorities: phasing out coal, accelerating renewable adoption."
GEO,Georgia,35.5,"Georgia's climate risk is low (score: 35.5/100 as of 2024). Per-capita emissions are relatively low at 3.1 tonnes. Renewable energy adoption is low at 7%, presenting a major opportunity for decarbonization. Emissions are decreasing (-1.2% year-over-year). Key priorities: accelerating renewable adoption."
BIH,Bosnia and Herzegovina,34.8,"Bosnia and Herzegovina's climate risk is low (score: 34.8/100 as of 2024). Per-capita emissions stand at 6.1 tonnes. Coal accounts for 71% of CO₂ emissions, indicating heavy fossil fuel dependency. Renewable energy adoption is low at 2%, presenting a major opportunity for decarbonization. Emissions are decreasing (-2.3% year-over-year). Key priorities: phasing out coal, accelerating renewable adoption."
ARG,Argentina,34.6,"Argentina's climate risk is low (score: 34.6/100 as of 2024). Per-capita emissions are relatively low at 3.7 tonnes. Renewable energy adoption is low at 4%, presenting a major opportunity for decarbonization. Emissions are decreasing (-4.1% year-over-year). Key priorities: accelerating renewable adoption."
UKR,Ukraine,34.4,"Ukraine's climate risk is low (score: 34.4/100 as of 2024). Per-capita emissions are relatively low at 3.8 tonnes. Coal accounts for 38% of CO₂ emissions, indicating heavy fossil fuel dependency. Renewable energy adoption is low at 5%, presenting a major opportunity for decarbonization. Emissions are increasing (+2.3% year-over-year). Key priorities: phasing out coal, accelerating renewable adoption."
BRB,Barbados,34.3,"Barbados's climate risk is low (score: 34.3/100 as of 2024). Per-capita emissions are relatively low at 4.8 tonnes. Renewable energy adoption is low at 8%, presenting a major opportunity for decarbonization. Emissions are increasing (+3.6% year-over-year). Key priorities: accelerating renewable adoption."
MAR,Morocco,34.3,"Morocco's climate risk is low (score: 34.3/100 as of 2024). Per-capita emissions are relatively low at 1.8 tonnes. Coal accounts for 33% of CO₂ emissions, indicating heavy fossil fuel dependency. Renewable energy adoption is low at 6%, presenting a major opportunity for decarbonization. Key priorities: phasing out coal, accelerating renewable adoption."
JPN,Japan,33.9,"Japan's climate risk is low (score: 33.9/100 as of 2024). Per-capita emissions stand at 7.8 tonnes. Coal accounts for 40% of CO₂ emissions, indicating heavy fossil fuel dependency. Renewable energy adoption is low at 3%, presenting a major opportunity for decarbonization. Emissions are decreasing (-2.5% year-over-year). Key priorities: phasing out coal, accelerating renewable adoption."
MYS,Malaysia,33.8,"Malaysia's climate risk is low (score: 33.8/100 as of 2024). Per-capita emissions stand at 8.2 tonnes. Coal accounts for 34% of CO₂ emissions, indicating heavy fossil fuel dependency. Renewable energy adoption is low at 6%, presenting a major opportunity for decarbonization. Emissions are rapidly increasing (+5.0% year-over-year). Key priorities: phasing out coal, accelerating renewable adoption."
ARE,United Arab Emirates,33.7,"United Arab Emirates's climate risk is low (score: 33.7/100 as of 2024). Per-capita emissions are very high at 20.1 tonnes, significantly above the global average. Renewable energy adoption is low at 3%, presenting a major opportunity for decarbonization. Emissions are rapidly increasing (+5.5% year-over-year). Key priorities: accelerating renewable adoption, implementing carbon pricing."
SGP,Singapore,33.5,"Singapore's climate risk is low (score: 33.5/100 as of 2024). Per-capita emissions stand at 9.2 tonnes. Renewable energy adoption is low at 0%, presenting a major opportunity for decarbonization. Emissions are rapidly increasing (+5.6% year-over-year). Key priorities: accelerating renewable adoption."
TKM,Turkmenistan,33.3,"Turkmenistan's climate risk is low (score: 33.3/100 as of 2024). Per-capita emissions stand at 10.8 tonnes. Renewable energy adoption is low at 4%, presenting a major opportunity for decarbonization. Emissions are rapidly declining (-15.1% year-over-year). Key priorities: accelerating renewable adoption, implementing carbon pricing."
HRV,Croatia,33.1,"Croatia's climate risk is low (score: 33.1/100 as of 2024). Per-capita emissions are relatively low at 4.8 tonnes. Renewable energy adoption is low at 8%, presenting a major opportunity for decarbonization. Key priorities: accelerating renewable adoption."
ALB,Albania,33.0,Albania's climate risk is low (score: 33.0/100 as of 2024). Per-capita emissions are relatively low at 1.6 tonnes.
IRN,Iran,32.9,"Iran's climate risk is low (score: 32.9/100 as of 2024). Per-capita emissions stand at 8.7 tonnes. Renewable energy adoption is low at 10%, presenting a major opportunity for decarbonization. Key priorities: accelerating renewable adoption."
VEN,Venezuela,32.8,"Venezuela's climate risk is low (score: 32.8/100 as of 2024). Per-capita emissions are relatively low at 4.1 tonnes. Renewable energy adoption is low at 14%, presenting a major opportunity for decarbonization. Emissions are decreasing (-3.0% year-over-year). Key priorities: accelerating renewable adoption."
CRI,Costa Rica,32.7,"Costa Rica's climate risk is low (score: 32.7/100 as of 2024). Per-capita emissions are relatively low at 1.7 tonnes. Renewable energy adoption is low at 5%, presenting a major opportunity for decarbonization. Emissions are increasing (+3.4% year-over-year). Key priorities: accelerating renewable adoption."
PRY,Paraguay,32.5,"Paraguay's climate risk is low (score: 32.5/100 as of 2024). Per-capita emissions are relatively low at 1.1 tonnes. Renewable energy adoption is low at 4%, presenting a major opportunity for decarbonization. Emissions are increasing (+3.8% year-over-year). Key priorities: accelerating renewable adoption."
BRA,Brazil,32.4,"Brazil's climate risk is low (score: 32.4/100 as of 2024). Per-capita emissions are relatively low at 2.3 tonnes. Renewable energy adoption is low at 10%, presenting a major opportunity for decarbonization. Key priorities: accelerating renewable adoption."
TJK,Tajikistan,32.2,"Tajikistan's climate risk is low (score: 32.2/100 as of 2024). Per-capita emissions are relatively low at 1.0 tonnes. Coal accounts for 41% of CO₂ emissions, indicating heavy fossil fuel dependency. Emissions are increasing (+4.6% year-over-year). Key priorities: phasing out coal."
URY,Uruguay,32.1,"Uruguay's climate risk is low (score: 32.1/100 as of 2024). Per-capita emissions are relatively low at 2.4 tonnes. Renewable energy adoption is low at 4%, presenting a major opportunity for decarbonization. Emissions are increasing (+4.5% year-over-year). Key priorities: accelerating renewable adoption."
SVK,Slovakia,32.1,"Slovakia's climate risk is low (score: 32.1/100 as of 2024). Per-capita emissions stand at 5.3 tonnes. Renewable energy adoption is low at 7%, presenting a major opportunity for decarbonization. Emissions are rapidly declining (-5.4% year-over-year). Key priorities: accelerating renewable adoption."
KOR,South Korea,31.8,"South Korea's climate risk is low (score: 31.8/100 as of 2024). Per-capita emissions stand at 11.3 tonnes. Coal accounts for 42% of CO₂ emissions, indicating heavy fossil fuel dependency. Renewable energy adoption is low at 5%, presenting a major opportunity for decarbonization. Key priorities: phasing out coal, accelerating renewable adoption, implementing carbon pricing."
JOR,Jordan,31.6,"Jordan's climate risk is low (score: 31.6/100 as of 2024). Per-capita emissions are relatively low at 2.0 tonnes. Renewable energy adoption is low at 7%, presenting a major opportunity for decarbonization. Key priorities: accelerating renewable adoption."
BGR,Bulgaria,31.5,"Bulgaria's climate risk is low (score: 31.5/100 as of 2024). Per-capita emissions are relatively low at 4.7 tonnes. Coal accounts for 33% of CO₂ emissions, indicating heavy fossil fuel dependency. Renewable energy adoption is low at 9%, presenting a major opportunity for decarbonization. Emissions are rapidly declining (-8.3% year-over-year). Key priorities: phasing out coal, accelerating renewable adoption."
UZB,Uzbekistan,31.3,"Uzbekistan's climate risk is low (score: 31.3/100 as of 2024). Per-capita emissions are relatively low at 3.8 tonnes. Renewable energy adoption is low at 3%, presenting a major opportunity for decarbonization. Emissions are rapidly increasing (+13.3% year-over-year). Key priorities: accelerating renewable adoption."
DZA,Algeria,31.0,"Algeria's climate risk is low (score: 31.0/100 as of 2024). Per-capita emissions are relatively low at 4.2 tonnes. Renewable energy adoption is low at 14%, presenting a major opportunity for decarbonization. Emissions are decreasing (-2.3% year-over-year). Key priorities: accelerating renewable adoption."
KWT,Kuwait,30.8,"Kuwait's climate risk is low (score: 30.8/100 as of 2024). Per-capita emissions are very high at 26.2 tonnes, significantly above the global average. Renewable energy adoption is low at 2%, presenting a major opportunity for decarbonization. Emissions are rapidly increasing (+5.2% year-over-year). Key priorities: accelerating renewable adoption, implementing carbon pricing."
EST,Estonia,29.9,"Estonia's climate risk is low (score: 29.9/100 as of 2024). Per-capita emissions stand at 6.1 tonnes. Coal accounts for 55% of CO₂ emissions, indicating heavy fossil fuel dependency. Renewable energy adoption is low at 1%, presenting a major opportunity for decarbonization. Emissions are decreasing (-5.0% year-over-year). Key priorities: phasing out coal, accelerating renewable adoption."
HUN,Hungary,29.6,"Hungary's climate risk is low (score: 29.6/100 as of 2024). Per-capita emissions are relatively low at 4.1 tonnes. Renewable energy adoption is low at 2%, presenting a major opportunity for decarbonization. Key priorities: accelerating renewable adoption."
NLD,Netherlands,29.4,"Netherlands's climate risk is low (score: 29.4/100 as of 2024). Per-capita emissions stand at 6.3 tonnes. Renewable energy adoption is low at 2%, presenting a major opportunity for decarbonization. Emissions are decreasing (-1.9% year-over-year). Key priorities: accelerating renewable adoption."
LTU,Lithuania,29.1,"Lithuania's climate risk is low (score: 29.1/100 as of 2024). Per-capita emissions are relatively low at 4.4 tonnes. Renewable energy adoption is low at 6%, presenting a major opportunity for decarbonization. Key priorities: accelerating renewable adoption."
ARM,Armenia,28.9,"Armenia's climate risk is low (score: 28.9/100 as of 2024). Per-capita emissions are relatively low at 2.5 tonnes. Renewable energy adoption is low at 8%, presenting a major opportunity for decarbonization. Key priorities: accelerating renewable adoption."
QAT,Qatar,28.9,"Qatar's climate risk is low (score: 28.9/100 as of 2024). Per-capita emissions are very high at 41.3 tonnes, significantly above the global average. Renewable energy adoption is low at 3%, presenting a major opportunity for decarbonization. Emissions are rapidly increasing (+5.2% year-over-year). Key priorities: accelerating renewable adoption, implementing carbon pricing."
LVA,Latvia,28.7,"Latvia's climate risk is low (score: 28.7/100 as of 2024). Per-capita emissions are relatively low at 3.5 tonnes. Renewable energy adoption is low at 9%, presenting a major opportunity for decarbonization. Emissions are decreasing (-1.9% year-over-year). Key priorities: accelerating renewable adoption."
CYP,Cyprus,28.7,"Cyprus's climate risk is low (score: 28.7/100 as of 2024). Per-capita emissions stand at 5.4 tonnes. Renewable energy adoption is low at 13%, presenting a major opportunity for decarbonization. Emissions are increasing (+1.5% year-over-year). Key priorities: accelerating renewable adoption."
KAZ,Kazakhstan,26.9,"Kazakhstan's climate risk is low (score: 26.9/100 as of 2024). Per-capita emissions stand at 13.9 tonnes. Coal accounts for 56% of CO₂ emissions, indicating heavy fossil fuel dependency. Renewable energy adoption is low at 7%, presenting a major opportunity for decarbonization. Key priorities: phasing out coal, accelerating renewable adoption, implementing carbon pricing."
ITA,Italy,26.8,"Italy's climate risk is low (score: 26.8/100 as of 2024). Per-capita emissions stand at 5.1 tonnes. Renewable energy adoption is low at 4%, presenting a major opportunity for decarbonization. Emissions are decreasing (-3.3% year-over-year). Key priorities: accelerating renewable adoption."
DNK,Denmark,26.4,"Denmark's climate risk is low (score: 26.4/100 as of 2024). Per-capita emissions are relatively low at 4.7 tonnes. Renewable energy adoption is low at 5%, presenting a major opportunity for decarbonization. Emissions are decreasing (-1.6% year-over-year). Key priorities: accelerating renewable adoption."
CHL,Chile,26.2,"Chile's climate risk is low (score: 26.2/100 as of 2024). Per-capita emissions are relatively low at 4.0 tonnes. Renewable energy adoption is low at 1%, presenting a major opportunity for decarbonization. Emissions are increasing (+1.4% year-over-year). Key priorities: accelerating renewable adoption."
BEL,Belgium,26.0,"Belgium's climate risk is low (score: 26.0/100 as of 2024). Per-capita emissions stand at 7.3 tonnes. Renewable energy adoption is low at 5%, presenting a major opportunity for decarbonization. Key priorities: accelerating renewable adoption."
GRC,Greece,26.0,"Greece's climate risk is low (score: 26.0/100 as of 2024). Per-capita emissions stand at 5.3 tonnes. Renewable energy adoption is low at 6%, presenting a major opportunity for decarbonization. Emissions are increasing (+2.6% year-over-year). Key priorities: accelerating renewable adoption."
RUS,Russia,25.4,"Russia's climate risk is low (score: 25.4/100 as of 2024). Per-capita emissions stand at 12.3 tonnes. Renewable energy adoption is low at 6%, presenting a major opportunity for decarbonization. Emissions are increasing (+2.7% year-over-year). Key priorities: accelerating renewable adoption, implementing carbon pricing."
KGZ,Kyrgyzstan,25.4,"Kyrgyzstan's climate risk is low (score: 25.4/100 as of 2024). Per-capita emissions are relatively low at 1.6 tonnes. Coal accounts for 48% of CO₂ emissions, indicating heavy fossil fuel dependency. Renewable energy adoption is low at 11%, presenting a major opportunity for decarbonization. Emissions are rapidly increasing (+5.6% year-over-year). Key priorities: phasing out coal, accelerating renewable adoption."
AUS,Australia,24.5,"Australia's climate risk is low (score: 24.5/100 as of 2024). Per-capita emissions stand at 14.5 tonnes. Coal accounts for 37% of CO₂ emissions, indicating heavy fossil fuel dependency. Renewable energy adoption is low at 6%, presenting a major opportunity for decarbonization. Key priorities: phasing out coal, accelerating renewable adoption, implementing carbon pricing."
POL,Poland,24.3,"Poland's climate risk is low (score: 24.3/100 as of 2024). Per-capita emissions stand at 7.1 tonnes. Coal accounts for 47% of CO₂ emissions, indicating heavy fossil fuel dependency. Renewable energy adoption is low at 5%, presenting a major opportunity for decarbonization. Emissions are decreasing (-3.7% year-over-year). Key priorities: phasing out coal, accelerating renewable adoption."
ISL,Iceland,24.2,"Iceland's climate risk is low (score: 24.2/100 as of 2024). Per-capita emissions stand at 9.7 tonnes. Renewable energy adoption is low at 5%, presenting a major opportunity for decarbonization. Emissions are rapidly increasing (+8.4% year-over-year). Key priorities: accelerating renewable adoption."
SVN,Slovenia,24.0,"Slovenia's climate risk is low (score: 24.0/100 as of 2024). Per-capita emissions stand at 6.0 tonnes. Renewable energy adoption is low at 5%, presenting a major opportunity for decarbonization. Emissions are rapidly increasing (+6.2% year-over-year). Key priorities: accelerating renewable adoption."
BLR,Belarus,23.9,"Belarus's climate risk is low (score: 23.9/100 as of 2024). Per-capita emissions stand at 6.2 tonnes. Renewable energy adoption is low at 6%, presenting a major opportunity for decarbonization. Key priorities: accelerating renewable adoption."
MLT,Malta,22.9,"Malta's climate risk is low (score: 22.9/100 as of 2024). Per-capita emissions are relatively low at 3.2 tonnes. Renewable energy adoption is low at 0%, presenting a major opportunity for decarbonization. Emissions are decreasing (-2.2% year-over-year). Key priorities: accelerating renewable adoption."
SWE,Sweden,22.2,"Sweden's climate risk is low (score: 22.2/100 as of 2024). Per-capita emissions are relatively low at 3.6 tonnes. Renewable energy adoption is low at 8%, presenting a major opportunity for decarbonization. Emissions are increasing (+3.8% year-over-year). Key priorities: accelerating renewable adoption."
NCL,New Caledonia,22.1,"New Caledonia's climate risk is low (score: 22.1/100 as of 2024). Per-capita emissions are very high at 18.1 tonnes, significantly above the global average. Coal accounts for 54% of CO₂ emissions, indicating heavy fossil fuel dependency. Renewable energy adoption is low at 1%, presenting a major opportunity for decarbonization. Emissions are increasing (+4.3% year-over-year). Key priorities: phasing out coal, accelerating renewable adoption, implementing carbon pricing."
USA,United States,22.1,"United States's climate risk is low (score: 22.1/100 as of 2024). Per-capita emissions stand at 14.2 tonnes. Renewable energy adoption is low at 5%, presenting a major opportunity for decarbonization. Key priorities: accelerating renewable adoption, implementing carbon pricing."
TWN,Taiwan,21.8,"Taiwan's climate risk is low (score: 21.8/100 as of 2024). Per-capita emissions stand at 11.3 tonnes. Coal accounts for 54% of CO₂ emissions, indicating heavy fossil fuel dependency. Renewable energy adoption is low at 2%, presenting a major opportunity for decarbonization. Emissions are decreasing (-1.8% year-over-year). Key priorities: phasing out coal, accelerating renewable adoption, implementing carbon pricing."
IRL,Ireland,21.7,"Ireland's climate risk is low (score: 21.7/100 as of 2024). Per-capita emissions stand at 6.3 tonnes. Renewable energy adoption is low at 7%, presenting a major opportunity for decarbonization. Key priorities: accelerating renewable adoption."
PRT,Portugal,21.5,"Portugal's climate risk is low (score: 21.5/100 as of 2024). Per-capita emissions are relatively low at 3.4 tonnes. Renewable energy adoption is low at 11%, presenting a major opportunity for decarbonization. Emissions are rapidly declining (-5.5% year-over-year). Key priorities: accelerating renewable adoption."
DEU,Germany,21.2,"Germany's climate risk is low (score: 21.2/100 as of 2024). Per-capita emissions stand at 6.8 tonnes. Renewable energy adoption is low at 3%, presenting a major opportunity for decarbonization. Emissions are decreasing (-3.6% year-over-year). Key priorities: accelerating renewable adoption."
CXR,Christmas Island,20.9,Christmas Island's climate risk is low (score: 20.9/100 as of 2024). Per-capita emissions are relatively low at nan tonnes.
VAT,Vatican,20.9,Vatican's climate risk is low (score: 20.9/100 as of 2024). Per-capita emissions are relatively low at nan tonnes.
FRO,Faroe Islands,20.6,"Faroe Islands's climate risk is low (score: 20.6/100 as of 2024). Per-capita emissions stand at 13.1 tonnes. Renewable energy adoption is low at 0%, presenting a major opportunity for decarbonization. Emissions are increasing (+1.5% year-over-year). Key priorities: accelerating renewable adoption, implementing carbon pricing."
CUW,Curacao,20.6,"Curacao's climate risk is low (score: 20.6/100 as of 2024). Per-capita emissions stand at 12.3 tonnes. Renewable energy adoption is low at 0%, presenting a major opportunity for decarbonization. Emissions are increasing (+3.9% year-over-year). Key priorities: accelerating renewable adoption, implementing carbon pricing."
SXM,Sint Maarten (Dutch part),20.6,"Sint Maarten (Dutch part)'s climate risk is low (score: 20.6/100 as of 2024). Per-capita emissions are very high at 16.5 tonnes, significantly above the global average. Renewable energy adoption is low at 0%, presenting a major opportunity for decarbonization. Emissions are increasing (+3.9% year-over-year). Key priorities: accelerating renewable adoption, implementing carbon pricing."
LUX,Luxembourg,20.6,"Luxembourg's climate risk is low (score: 20.6/100 as of 2024). Per-capita emissions stand at 10.5 tonnes. Renewable energy adoption is low at 4%, presenting a major opportunity for decarbonization. Emissions are increasing (+2.9% year-over-year). Key priorities: accelerating renewable adoption, implementing carbon pricing."
GRL,Greenland,20.5,"Greenland's climate risk is low (score: 20.5/100 as of 2024). Per-capita emissions stand at 11.1 tonnes. Renewable energy adoption is low at 0%, presenting a major opportunity for decarbonization. Emissions are increasing (+1.6% year-over-year). Key priorities: accelerating renewable adoption, implementing carbon pricing."
AIA,Anguilla,20.5,"Anguilla's climate risk is low (score: 20.5/100 as of 2024). Per-capita emissions stand at 10.1 tonnes. Renewable energy adoption is low at 0%, presenting a major opportunity for decarbonization. Emissions are increasing (+3.5% year-over-year). Key priorities: accelerating renewable adoption, implementing carbon pricing."
NZL,New Zealand,20.5,"New Zealand's climate risk is low (score: 20.5/100 as of 2024). Per-capita emissions stand at 6.2 tonnes. Renewable energy adoption is low at 6%, presenting a major opportunity for decarbonization. Emissions are increasing (+2.9% year-over-year). Key priorities: accelerating renewable adoption."
SPM,Saint Pierre and Miquelon,20.4,"Saint Pierre and Miquelon's climate risk is low (score: 20.4/100 as of 2024). Per-capita emissions stand at 9.8 tonnes. Renewable energy adoption is low at 0%, presenting a major opportunity for decarbonization. Emissions are increasing (+3.8% year-over-year). Key priorities: accelerating renewable adoption."
TCA,Turks and Caicos Islands,20.3,"Turks and Caicos Islands's climate risk is low (score: 20.3/100 as of 2024). Per-capita emissions stand at 8.1 tonnes. Renewable energy adoption is low at 0%, presenting a major opportunity for decarbonization. Emissions are increasing (+3.8% year-over-year). Key priorities: accelerating renewable adoption."
ESP,Spain,20.3,"Spain's climate risk is low (score: 20.3/100 as of 2024). Per-capita emissions are relatively low at 4.6 tonnes. Renewable energy adoption is low at 6%, presenting a major opportunity for decarbonization. Emissions are increasing (+2.3% year-over-year). Key priorities: accelerating renewable adoption."
ABW,Aruba,20.2,"Aruba's climate risk is low (score: 20.2/100 as of 2024). Per-capita emissions stand at 8.5 tonnes. Renewable energy adoption is low at 0%, presenting a major opportunity for decarbonization. Emissions are increasing (+3.8% year-over-year). Key priorities: accelerating renewable adoption."
VGB,British Virgin Islands,20.1,"British Virgin Islands's climate risk is low (score: 20.1/100 as of 2024). Per-capita emissions are relatively low at 4.9 tonnes. Renewable energy adoption is low at 0%, presenting a major opportunity for decarbonization. Emissions are increasing (+4.3% year-over-year). Key priorities: accelerating renewable adoption."
MSR,Montserrat,20.1,"Montserrat's climate risk is low (score: 20.1/100 as of 2024). Per-capita emissions stand at 6.0 tonnes. Renewable energy adoption is low at 0%, presenting a major opportunity for decarbonization. Emissions are increasing (+3.8% year-over-year). Key priorities: accelerating renewable adoption."
NIU,Niue,20.1,"Niue's climate risk is low (score: 20.1/100 as of 2024). Per-capita emissions are relatively low at 4.1 tonnes. Renewable energy adoption is low at 0%, presenting a major opportunity for decarbonization. Emissions are rapidly increasing (+14.3% year-over-year). Key priorities: accelerating renewable adoption."
COK,Cook Islands,20.1,"Cook Islands's climate risk is low (score: 20.1/100 as of 2024). Per-capita emissions stand at 5.8 tonnes. Renewable energy adoption is low at 0%, presenting a major opportunity for decarbonization. Emissions are increasing (+3.9% year-over-year). Key priorities: accelerating renewable adoption."
BES,Bonaire Sint Eustatius and Saba,20.1,"Bonaire Sint Eustatius and Saba's climate risk is low (score: 20.1/100 as of 2024). Per-capita emissions are relatively low at 4.9 tonnes. Renewable energy adoption is low at 0%, presenting a major opportunity for decarbonization. Emissions are increasing (+4.1% year-over-year). Key priorities: accelerating renewable adoption."
PYF,French Polynesia,20.0,"French Polynesia's climate risk is low (score: 20.0/100 as of 2024). Per-capita emissions are relatively low at 3.3 tonnes. Renewable energy adoption is low at 0%, presenting a major opportunity for decarbonization. Emissions are increasing (+4.6% year-over-year). Key priorities: accelerating renewable adoption."
SSD,South Sudan,20.0,"South Sudan's climate risk is low (score: 20.0/100 as of 2024). Per-capita emissions are relatively low at 0.1 tonnes. Renewable energy adoption is low at 0%, presenting a major opportunity for decarbonization. Emissions are increasing (+1.8% year-over-year). Key priorities: accelerating renewable adoption."
WLF,Wallis and Futuna,19.9,"Wallis and Futuna's climate risk is low (score: 19.9/100 as of 2024). Per-capita emissions are relatively low at 2.7 tonnes. Renewable energy adoption is low at 0%, presenting a major opportunity for decarbonization. Emissions are rapidly increasing (+6.9% year-over-year). Key priorities: accelerating renewable adoption."
FRA,France,19.9,"France's climate risk is low (score: 19.9/100 as of 2024). Per-capita emissions are relatively low at 4.0 tonnes. Renewable energy adoption is low at 4%, presenting a major opportunity for decarbonization. Emissions are decreasing (-2.3% year-over-year). Key priorities: accelerating renewable adoption."
PSE,Palestine,19.9,"Palestine's climate risk is low (score: 19.9/100 as of 2024). Per-capita emissions are relatively low at 0.9 tonnes. Renewable energy adoption is low at 0%, presenting a major opportunity for decarbonization. Key priorities: accelerating renewable adoption."
MAC,Macao,19.9,"Macao's climate risk is low (score: 19.9/100 as of 2024). Per-capita emissions are relatively low at 1.5 tonnes. Renewable energy adoption is low at 0%, presenting a major opportunity for decarbonization. Emissions are increasing (+1.2% year-over-year). Key priorities: accelerating renewable adoption."
SHN,Saint Helena,19.9,"Saint Helena's climate risk is low (score: 19.9/100 as of 2024). Per-capita emissions are relatively low at 2.2 tonnes. Renewable energy adoption is low at 0%, presenting a major opportunity for decarbonization. Key priorities: accelerating renewable adoption."
SMR,San Marino,19.8,San Marino's climate risk is low (score: 19.8/100 as of 2024). Per-capita emissions are relatively low at nan tonnes.
HKG,Hong Kong,19.6,"Hong Kong's climate risk is low (score: 19.6/100 as of 2024). Per-capita emissions are relatively low at 4.5 tonnes. Coal accounts for 34% of CO₂ emissions, indicating heavy fossil fuel dependency. Renewable energy adoption is low at 2%, presenting a major opportunity for decarbonization. Emissions are increasing (+1.1% year-over-year). Key priorities: phasing out coal, accelerating renewable adoption."
MCO,Monaco,19.6,Monaco's climate risk is low (score: 19.6/100 as of 2024). Per-capita emissions are relatively low at nan tonnes.
KNA,Saint Kitts and Nevis,19.6,"Saint Kitts and Nevis's climate risk is low (score: 19.6/100 as of 2024). Per-capita emissions stand at 5.5 tonnes. Renewable energy adoption is low at 0%, presenting a major opportunity for decarbonization. Emissions are increasing (+4.0% year-over-year). Key priorities: accelerating renewable adoption."
ISR,Israel,19.1,"Israel's climate risk is low (score: 19.1/100 as of 2024). Per-capita emissions stand at 5.6 tonnes. Renewable energy adoption is low at 4%, presenting a major opportunity for decarbonization. Emissions are decreasing (-5.0% year-over-year). Key priorities: accelerating renewable adoption."
AUT,Austria,19.1,"Austria's climate risk is low (score: 19.1/100 as of 2024). Per-capita emissions stand at 6.2 tonnes. Renewable energy adoption is low at 5%, presenting a major opportunity for decarbonization. Key priorities: accelerating renewable adoption."
FIN,Finland,17.0,"Finland's climate risk is low (score: 17.0/100 as of 2024). Per-capita emissions stand at 5.3 tonnes. Renewable energy adoption is low at 3%, presenting a major opportunity for decarbonization. Emissions are rapidly declining (-6.4% year-over-year). Key priorities: accelerating renewable adoption."
CZE,Czechia,17.0,"Czechia's climate risk is low (score: 17.0/100 as of 2024). Per-capita emissions stand at 7.0 tonnes. Coal accounts for 45% of CO₂ emissions, indicating heavy fossil fuel dependency. Renewable energy adoption is low at 4%, presenting a major opportunity for decarbonization. Emissions are rapidly declining (-9.1% year-over-year). Key priorities: phasing out coal, accelerating renewable adoption."
GBR,United Kingdom,17.0,"United Kingdom's climate risk is low (score: 17.0/100 as of 2024). Per-capita emissions are relatively low at 4.5 tonnes. Renewable energy adoption is low at 3%, presenting a major opportunity for decarbonization. Emissions are increasing (+1.7% year-over-year). Key priorities: accelerating renewable adoption."
BMU,Bermuda,16.9,"Bermuda's climate risk is low (score: 16.9/100 as of 2024). Per-capita emissions stand at 8.5 tonnes. Renewable energy adoption is low at 0%, presenting a major opportunity for decarbonization. Emissions are increasing (+3.8% year-over-year). Key priorities: accelerating renewable adoption."
AND,Andorra,16.8,"Andorra's climate risk is low (score: 16.8/100 as of 2024). Per-capita emissions stand at 5.2 tonnes. Renewable energy adoption is low at 0%, presenting a major opportunity for decarbonization. Emissions are increasing (+1.7% year-over-year). Key priorities: accelerating renewable adoption."
CAN,Canada,15.8,"Canada's climate risk is low (score: 15.8/100 as of 2024). Per-capita emissions stand at 13.4 tonnes. Renewable energy adoption is low at 5%, presenting a major opportunity for decarbonization. Emissions are decreasing (-2.2% year-over-year). Key priorities: accelerating renewable adoption, implementing carbon pricing."
LIE,Liechtenstein,15.6,"Liechtenstein's climate risk is low (score: 15.6/100 as of 2024). Per-capita emissions are relatively low at 3.3 tonnes. Renewable energy adoption is low at 0%, presenting a major opportunity for decarbonization. Key priorities: accelerating renewable adoption."
NOR,Norway,11.1,"Norway's climate risk is low (score: 11.1/100 as of 2024). Per-capita emissions stand at 6.7 tonnes. Renewable energy adoption is low at 7%, presenting a major opportunity for decarbonization. Emissions are decreasing (-4.3% year-over-year). Key priorities: accelerating renewable adoption."
CHE,Switzerland,10.2,"Switzerland's climate risk is low (score: 10.2/100 as of 2024). Per-capita emissions are relatively low at 3.6 tonnes. Renewable energy adoption is low at 5%, presenting a major opportunity for decarbonization. Key priorities: accelerating renewable adoption."
